{
    "loc2ind": [
        0,
        0,
        0,
        0,
        0,
        0,
        0,
        0,
        0,
        0,
        0,
        0,
        0,
        0,
        0,
        0,
        0,
        0,
        0,
        0,
        0,
        0,
        0,
        0,
        0,
        0,
        0,
        0,
        0,
        0,
        0,
        0,
        0,
        0,
        0,
        0,
        0,
        0,
        0,
        0,
        0,
        0,
        0,
        0,
        0,
        0,
        0,
        0,
        0,
        0,
        0,
        0,
        0,
        0,
        0,
        0,
        0,
        0,
        0,
        0,
        0,
        0,
        0,
        0,
        0,
        0,
        0,
        0,
        0
    ],
    "locations": [
        [
            -0.8888888888888893,
            -0.44444444444444464
        ],
        [
            -0.8888888888888893,
            -0.22222222222222232
        ],
        [
            -0.8888888888888893,
            0.0
        ],
        [
            -0.8888888888888893,
            0.22222222222222232
        ],
        [
            -0.8888888888888893,
            0.44444444444444464
        ],
        [
            -0.666666666666667,
            -0.666666666666667
        ],
        [
            -0.666666666666667,
            -0.44444444444444464
        ],
        [
            -0.666666666666667,
            -0.22222222222222232
        ],
        [
            -0.666666666666667,
            0.0
        ],
        [
            -0.666666666666667,
            0.22222222222222232
        ],
        [
            -0.666666666666667,
            0.44444444444444464
        ],
        [
            -0.666666666666667,
            0.666666666666667
        ],
        [
            -0.44444444444444464,
            -0.8888888888888893
        ],
        [
            -0.44444444444444464,
            -0.666666666666667
        ],
        [
            -0.44444444444444464,
            -0.44444444444444464
        ],
        [
            -0.44444444444444464,
            -0.22222222222222232
        ],
        [
            -0.44444444444444464,
            0.0
        ],
        [
            -0.44444444444444464,
            0.22222222222222232
        ],
        [
            -0.44444444444444464,
            0.44444444444444464
        ],
        [
            -0.44444444444444464,
            0.666666666666667
        ],
        [
            -0.44444444444444464,
            0.8888888888888893
        ],
        [
            -0.22222222222222232,
            -0.8888888888888893
        ],
        [
            -0.22222222222222232,
            -0.666666666666667
        ],
        [
            -0.22222222222222232,
            -0.44444444444444464
        ],
        [
            -0.22222222222222232,
            -0.22222222222222232
        ],
        [
            -0.22222222222222232,
            0.0
        ],
        [
            -0.22222222222222232,
            0.22222222222222232
        ],
        [
            -0.22222222222222232,
            0.44444444444444464
        ],
        [
            -0.22222222222222232,
            0.666666666666667
        ],
        [
            -0.22222222222222232,
            0.8888888888888893
        ],
        [
            0.0,
            -0.8888888888888893
        ],
        [
            0.0,
            -0.666666666666667
        ],
        [
            0.0,
            -0.44444444444444464
        ],
        [
            0.0,
            -0.22222222222222232
        ],
        [
            0.0,
            0.0
        ],
        [
            0.0,
            0.22222222222222232
        ],
        [
            0.0,
            0.44444444444444464
        ],
        [
            0.0,
            0.666666666666667
        ],
        [
            0.0,
            0.8888888888888893
        ],
        [
            0.22222222222222232,
            -0.8888888888888893
        ],
        [
            0.22222222222222232,
            -0.666666666666667
        ],
        [
            0.22222222222222232,
            -0.44444444444444464
        ],
        [
            0.22222222222222232,
            -0.22222222222222232
        ],
        [
            0.22222222222222232,
            0.0
        ],
        [
            0.22222222222222232,
            0.22222222222222232
        ],
        [
            0.22222222222222232,
            0.44444444444444464
        ],
        [
            0.22222222222222232,
            0.666666666666667
        ],
        [
            0.22222222222222232,
            0.8888888888888893
        ],
        [
            0.44444444444444464,
            -0.8888888888888893
        ],
        [
            0.44444444444444464,
            -0.666666666666667
        ],
        [
            0.44444444444444464,
            -0.44444444444444464
        ],
        [
            0.44444444444444464,
            -0.22222222222222232
        ],
        [
            0.44444444444444464,
            0.0
        ],
        [
            0.44444444444444464,
            0.22222222222222232
        ],
        [
            0.44444444444444464,
            0.44444444444444464
        ],
        [
            0.44444444444444464,
            0.666666666666667
        ],
        [
            0.44444444444444464,
            0.8888888888888893
        ],
        [
            0.666666666666667,
            -0.666666666666667
        ],
        [
            0.666666666666667,
            -0.44444444444444464
        ],
        [
            0.666666666666667,
            -0.22222222222222232
        ],
        [
            0.666666666666667,
            0.0
        ],
        [
            0.666666666666667,
            0.22222222222222232
        ],
        [
            0.666666666666667,
            0.44444444444444464
        ],
        [
            0.666666666666667,
            0.666666666666667
        ],
        [
            0.8888888888888893,
            -0.44444444444444464
        ],
        [
            0.8888888888888893,
            -0.22222222222222232
        ],
        [
            0.8888888888888893,
            0.0
        ],
        [
            0.8888888888888893,
            0.22222222222222232
        ],
        [
            0.8888888888888893,
            0.44444444444444464
        ]
    ],
    "presets": {
        "arrows": [
            0.0,
            0.0,
            0.0,
            0.0,
            0.0,
            1.0,
            1.0,
            1.0,
            0.0,
            1.0,
            0.0,
            1.0,
            0.0,
            1.0,
            1.0,
            0.0,
            0.0,
            1.0,
            1.0,
            0.0,
            0.0,
            0.0,
            1.0,
            0.0,
            1.0,
            0.0,
            1.0,
            1.0,
            1.0,
            0.0,
            0.0,
            0.0,
            0.0,
            0.0,
            1.0,
            0.0,
            0.0,
            0.0,
            0.0,
            0.0,
            0.0,
            0.0,
            0.0,
            0.0,
            1.0,
            0.0,
            0.0,
            0.0,
            0.0,
            0.0,
            1.0,
            0.0,
            0.0,
            0.0,
            1.0,
            0.0,
            0.0,
            1.0,
            1.0,
            1.0,
            1.0,
            0.0,
            0.0,
            0.0,
            0.0,
            0.0,
            0.0,
            0.0,
            0.0
        ],