{
    "loc2ind": [
        0,
        0,
        0,
        0,
        0,
        0,
        0,
        0,
        0,
        0,
        0,
        0,
        0,
        0,
        0,
        0,
        0,
        0,
        0,
        0,
        0,
        0,
        0,
        0,
        0,
        0,
        0,
        0,
        0,
        0,
        0,
        0,
        0,
        0,
        0,
        0,
        0,
        0,
        0,
        0,
        0,
        0,
        0,
        0,
        0,
        0,
        0,
        0,
        0,
        0,
        0,
        0
    ],
    "locations": [
        [
            -1.0,
            0.42857142857142855
        ],
        [
            -1.0,
            0.14285714285714285
        ],
        [
            -1.0,
            -0.14285714285714285
        ],
        [
            -1.0,
            -0.42857142857142844
        ],
        [
            -0.7142857142857143,
            0.7142857142857143
        ],
        [
            -0.7142857142857143,
            0.42857142857142855
        ],
        [
            -0.7142857142857143,
            0.14285714285714285
        ],
        [
            -0.7142857142857143,
            -0.14285714285714285
        ],
        [
            -0.7142857142857143,
            -0.42857142857142844
        ],
        [
            -0.7142857142857143,
            -0.7142857142857142
        ],
        [
            -0.42857142857142866,
            1.0
        ],
        [
            -0.42857142857142866,
            0.7142857142857143
        ],
        [
            -0.4285714285714286,
            0.4285714285714286
        ],
        [
            -0.4285714285714286,
            0.14285714285714288
        ],
        [
            -0.4285714285714286,
            -0.14285714285714282
        ],
        [
            -0.4285714285714286,
            -0.4285714285714284
        ],
        [
            -0.42857142857142855,
            -0.7142857142857142
        ],
        [
            -0.42857142857142855,
            -1.0
        ],
        [
            -0.14285714285714296,
            1.0
        ],
        [
            -0.14285714285714296,
            0.7142857142857143
        ],
        [
            -0.14285714285714293,
            0.4285714285714286
        ],
        [
            -0.1428571428571429,
            0.1428571428571429
        ],
        [
            -0.1428571428571429,
            -0.1428571428571428
        ],
        [
            -0.14285714285714288,
            -0.4285714285714284
        ],
        [
            -0.14285714285714285,
            -0.7142857142857142
        ],
        [
            -0.14285714285714285,
            -1.0
        ],
        [
            0.14285714285714274,
            1.0
        ],
        [
            0.14285714285714274,
            0.7142857142857143
        ],
        [
            0.14285714285714277,
            0.4285714285714286
        ],
        [
            0.1428571428571428,
            0.1428571428571429
        ],
        [
            0.1428571428571428,
            -0.1428571428571428
        ],
        [
            0.14285714285714282,
            -0.4285714285714284
        ],
        [
            0.14285714285714285,
            -0.7142857142857142
        ],
        [
            0.14285714285714285,
            -1.0
        ],
        [
            0.4285714285714283,
            1.0
        ],
        [
            0.4285714285714283,
            0.7142857142857143
        ],
        [
            0.4285714285714284,
            0.4285714285714286
        ],
        [
            0.4285714285714284,
            0.14285714285714293
        ],
        [
            0.4285714285714284,
            -0.14285714285714277
        ],
        [
            0.4285714285714284,
            -0.4285714285714284
        ],
        [
            0.42857142857142844,
            -0.7142857142857142
        ],
        [
            0.42857142857142844,
            -1.0
        ],
        [
            0.7142857142857142,
            0.7142857142857143
        ],
        [
            0.7142857142857142,
            0.42857142857142866
        ],
        [
            0.7142857142857142,
            0.14285714285714296
        ],
        [
            0.7142857142857142,
            -0.14285714285714274
        ],
        [
            0.7142857142857142,
            -0.4285714285714283
        ],
        [
            0.7142857142857142,
            -0.7142857142857142
        ],
        [
            1.0,
            0.42857142857142866
        ],
        [
            1.0,
            0.14285714285714296
        ],
        [
            1.0,
            -0.14285714285714274
        ],
        [
            1.0,
            -0.4285714285714283
        ]
    ],
    "presets": {
        "arrows": [
            1.0,
            0.0,
            0.0,
            0.0,
            1.0,
            1.0,
            1.0,
            1.0,
            0.0,
            1.0,
            0.0,
            0.0,
            1.0,
            0.0,
            0.0,
            1.0,
            0.0,
            0.0,
            0.0,
            0.0,
            0.0,
            0.0,
            1.0,
            0.0,
            0.0,
            0.0,
            0.0,
            1.0,
            0.0,
            1.0,
            0.0,
            0.0,
            0.0,
            0.0,
            0.0,
            1.0,
            1.0,
            0.0,
            0.0,
            1.0,
            1.0,
            0.0,
            1.0,
            1.0,
            1.0,
            0.0,
            1.0,
            0.0,
            0.0,
            0.0,
            0.0,
            0.0
        ],
        "centre": [
            0.0,
            0.0,
            0.0,
            0.0,
            0.0,
            0.0,
            0.0,
            0.0,
            0.0,
            0.0,
            0.0,
            0.0,
            0.0,
            0.0,
            0.0,
            0.0,
            0.0,
            0.0,
            0.0,
            0.0,
            0.0,
            1.0,
            1.0,
            0.0,
            0.0,
            0.0,
            0.0,
            0.0,
            0.0,
            1.0,
            1.0,
            0.0,
            0.0,
            0.0,
            0.0,
            0.0,
            0.0,
            0.0,
            0.0,
            0.0,
            0.0,
            0.0,
            0.0,
            0.0,
            0.0,
            0.0,
            0.0,
            0.0,
            0.0,
            0.0,
            0.0,
            0.0
        ],
        "checker": [
            1.0,
            0.0,
            1.0,
            0.0,
            1.0,
            0.0,
            1.0,
            0.0,
            1.0,
            0.0,
            1.0,
            0.0,
            1.0,
            0.0,
            1.0,
            0.0,
            1.0,
            0.0,
            0.0,
            1.0,
            0.0,
            1.0,
            0.0,
            1.0,
            0.0,
            1.0,
            1.0,
            0.0,
            1.0,
            0.0,
            1.0,
            0.0,
            1.0,
            0.0,
            0.0,
            1.0,
            0.0,
            1.0,
            0.0,
            1.0,
            0.0,
            1.0,
            0.0,
            1.0,
            0.0,
            1.0,
            0.0,
            1.0,
            0.0,
            1.0,
            0.0,
            1.0
        ],